{"cameraMode":{"drawMode":0,"name":"Shaded","section":"Shading Mode"},"sceneLighting":false,"audioPlay":false,"sceneViewState":{"m_AlwaysRefresh":false,"showFog":true,"showSkybox":false,"showFlares":true,"showImageEffects":true,"showParticleSystems":true,"showVisualEffectGraphs":true,"m_FxEnabled":true},"in2DMode":false,"pivot":{"x":5.540305137634277,"y":11.387688636779786,"z":13.751282691955567},"rotation":{"x":0.09332138299942017,"y":-0.6485364437103272,"z":0.08057903498411179,"w":0.7511685490608215},"size":29.154760360717775,"orthographic":false}