{"cameraMode":{"drawMode":0,"name":"Shaded","section":"Shading Mode"},"sceneLighting":false,"audioPlay":false,"sceneViewState":{"m_AlwaysRefresh":false,"showFog":true,"showSkybox":false,"showFlares":true,"showImageEffects":true,"showParticleSystems":true,"showVisualEffectGraphs":true,"m_FxEnabled":true},"in2DMode":false,"pivot":{"x":-55.47268295288086,"y":20.039857864379884,"z":63.94343185424805},"rotation":{"x":0.009379499591886998,"y":0.49546611309051516,"z":0.005353701300919056,"w":-0.8685777187347412},"size":54.31392288208008,"orthographic":false}