{"cameraMode":{"drawMode":0,"name":"Shaded","section":"Shading Mode"},"sceneLighting":true,"audioPlay":false,"sceneViewState":{"m_AlwaysRefresh":false,"showFog":true,"showSkybox":true,"showFlares":true,"showImageEffects":true,"showParticleSystems":true,"showVisualEffectGraphs":true,"m_FxEnabled":true},"in2DMode":false,"pivot":{"x":-0.9401891231536865,"y":15.933513641357422,"z":2.699880361557007},"rotation":{"x":0.1522732377052307,"y":-0.3253963887691498,"z":0.053180381655693057,"w":0.9317208528518677},"size":6.928205490112305,"orthographic":false}