{"cameraMode":{"drawMode":0,"name":"Shaded","section":"Shading Mode"},"sceneLighting":true,"audioPlay":false,"sceneViewState":{"m_AlwaysRefresh":false,"showFog":true,"showSkybox":true,"showFlares":true,"showImageEffects":true,"showParticleSystems":true,"showVisualEffectGraphs":true,"m_FxEnabled":true},"in2DMode":false,"pivot":{"x":-17.74131965637207,"y":38.54410171508789,"z":30.60993194580078},"rotation":{"x":-0.008561528287827969,"y":-0.9651746153831482,"z":0.25965431332588198,"w":-0.031870532780885699},"size":29.154766082763673,"orthographic":false}