{"cameraMode":{"drawMode":0,"name":"Shaded","section":"Shading Mode"},"sceneLighting":true,"audioPlay":false,"sceneViewState":{"m_AlwaysRefresh":false,"showFog":true,"showSkybox":true,"showFlares":true,"showImageEffects":true,"showParticleSystems":true,"showVisualEffectGraphs":true,"m_FxEnabled":true},"in2DMode":false,"pivot":{"x":-48.54988479614258,"y":19.206554412841798,"z":-8.056293487548829},"rotation":{"x":0.000029986947993165813,"y":-0.9998717308044434,"z":0.00960239302366972,"w":0.01979483664035797},"size":49.333648681640628,"orthographic":false}