{"cameraMode":{"drawMode":0,"name":"Shaded","section":"Shading Mode"},"sceneLighting":false,"audioPlay":false,"sceneViewState":{"m_AlwaysRefresh":false,"showFog":true,"showSkybox":false,"showFlares":true,"showImageEffects":true,"showParticleSystems":true,"showVisualEffectGraphs":true,"m_FxEnabled":true},"in2DMode":false,"pivot":{"x":18.03074836730957,"y":15.63039493560791,"z":-30.082223892211915},"rotation":{"x":-0.0020720004104077818,"y":-0.9955085515975952,"z":0.09224885702133179,"w":-0.02271239645779133},"size":29.154760360717775,"orthographic":false}