{"cameraMode":{"drawMode":0,"name":"Shaded","section":"Shading Mode"},"sceneLighting":false,"audioPlay":false,"sceneViewState":{"m_AlwaysRefresh":false,"showFog":true,"showSkybox":false,"showFlares":true,"showImageEffects":true,"showParticleSystems":true,"showVisualEffectGraphs":true,"m_FxEnabled":true},"in2DMode":false,"pivot":{"x":-24.042404174804689,"y":12.895301818847657,"z":11.326065063476563},"rotation":{"x":-0.019065486267209054,"y":0.6910251379013062,"z":-0.018257921561598779,"w":-0.722406804561615},"size":54.31392288208008,"orthographic":false}